,nb_amenities,nb_amenities
,mean,std
room_type,,
Entire home/apt,30.321414059325477,14.252359619240055
Hotel room,22.653333333333332,9.515979921893166
Private room,25.866057019903174,12.29275229503382
Shared room,13.675675675675675,8.100253953680348
