,room_type,nb_amenities,nb_amenities
,,mean,std
0,Entire home/apt,25.320541432175432,13.006622103972406
1,Hotel room,21.12295081967213,7.56815710436954
2,Private room,20.04850977109793,11.74181878936326
3,Shared room,15.967821782178218,10.294013013808431
